INSERT INTO joblex.blacklist (id, candidate_id, recruiter_id, reason) VALUES (1, 1, 16, '<p>blacklist reason 1<br></p>');
INSERT INTO joblex.blacklist (id, candidate_id, recruiter_id, reason) VALUES (2, 3, 16, '<p>blacklist reason 2<br></p>');
INSERT INTO joblex.users (id, username, password, enabled, photo, name, headline, location, links, summary, certifications, skills, accomplishments, interests) VALUES (1, 'lucas.hall@mail.com', '$2a$10$Duu5FX4SkQsQxECCTS.YWeBOLBYaW9rJOHImQ95HaZjDZHoyO5N.2', true, 'http://az619822.vo.msecnd.net/files/FavitesCoral_1920x1200.jpg', 'Lucas Hall', 'Software Engineer at Google', 'San Francisco, CA', 'www.lucas-hall.com', null, null, null, null, null);
INSERT INTO joblex.users (id, username, password, enabled, photo, name, headline, location, links, summary, certifications, skills, accomplishments, interests) VALUES (2, 'lara.lloyd@mail.com', '$2a$10$Duu5FX4SkQsQxECCTS.YWeBOLBYaW9rJOHImQ95HaZjDZHoyO5N.2', true, 'http://az619822.vo.msecnd.net/files/CaribooBC_1920x1200.jpg', 'Lara Lloyd', 'Site Reliability Engineer at Google', 'San Francisco, CA', 'www.lara-lloyd.com', null, null, null, null, null);
INSERT INTO joblex.users (id, username, password, enabled, photo, name, headline, location, links, summary, certifications, skills, accomplishments, interests) VALUES (3, 'jack.thorne@mail.com', '$2a$10$Duu5FX4SkQsQxECCTS.YWeBOLBYaW9rJOHImQ95HaZjDZHoyO5N.2', true, 'http://az619822.vo.msecnd.net/files/ParisBlueHour_EN-US11572935844_1920x1200.jpg', 'Jack Thorne', 'Software Development Engineer at Amazon', 'Seattle, WA', 'www.jack-thorne.com', null, null, null, null, null);
INSERT INTO joblex.users (id, username, password, enabled, photo, name, headline, location, links, summary, certifications, skills, accomplishments, interests) VALUES (4, 'sebastian.bradley@mail.com', '$2a$10$Duu5FX4SkQsQxECCTS.YWeBOLBYaW9rJOHImQ95HaZjDZHoyO5N.2', true, 'http://az619822.vo.msecnd.net/files/PhnomKulenNP_EN-US10730097540_1920x1200.jpg', 'Sebastian Bradley', 'Solutions Architect at Amazon', 'Seattle, WA', 'www.sebastian-bradley.com', null, null, null, null, null);
INSERT INTO joblex.users (id, username, password, enabled, photo, name, headline, location, links, summary, certifications, skills, accomplishments, interests) VALUES (5, 'nicholas.ashton@mail.com', '$2a$10$Duu5FX4SkQsQxECCTS.YWeBOLBYaW9rJOHImQ95HaZjDZHoyO5N.2', true, 'http://az619822.vo.msecnd.net/files/PalacioDeCristal_1920x1200.jpg', 'Nicholas Ashton', 'Software Engineer at Microsoft', 'Mountain View, CA', 'www.nicholas-ashton.com', null, null, null, null, null);
INSERT INTO joblex.users (id, username, password, enabled, photo, name, headline, location, links, summary, certifications, skills, accomplishments, interests) VALUES (6, 'sophia.shaw@mail.com', '$2a$10$Duu5FX4SkQsQxECCTS.YWeBOLBYaW9rJOHImQ95HaZjDZHoyO5N.2', true, 'http://az619822.vo.msecnd.net/files/Hedgehog_1920x1200.jpg', 'Sophia Shaw', 'Software Engineer at Apple', 'Cupertino, CA', 'www.sophia-shaw.com', null, null, null, null, null);
INSERT INTO joblex.users (id, username, password, enabled, photo, name, headline, location, links, summary, certifications, skills, accomplishments, interests) VALUES (7, 'jack.douglas@mail.com', '$2a$10$Duu5FX4SkQsQxECCTS.YWeBOLBYaW9rJOHImQ95HaZjDZHoyO5N.2', true, 'http://az619822.vo.msecnd.net/files/Everglades_1920x1200.jpg', 'Jack Douglas', 'Software Engineer at Facebook', 'Menlo Park, CA', 'www.jack-douglas.com', null, null, null, null, null);
INSERT INTO joblex.users (id, username, password, enabled, photo, name, headline, location, links, summary, certifications, skills, accomplishments, interests) VALUES (8, 'peter.chamber@mail.com', '$2a$10$Duu5FX4SkQsQxECCTS.YWeBOLBYaW9rJOHImQ95HaZjDZHoyO5N.2', true, 'http://az619822.vo.msecnd.net/files/MSHNVM_EN-US8039458794_1920x1200.jpg', 'Peter Chambers', 'Software Engineer at Twitter', 'San Francisco, CA', 'www.peter-chambers.com', null, null, null, null, null);
INSERT INTO joblex.users (id, username, password, enabled, photo, name, headline, location, links, summary, certifications, skills, accomplishments, interests) VALUES (9, 'kate.stone@mail.com', '$2a$10$Duu5FX4SkQsQxECCTS.YWeBOLBYaW9rJOHImQ95HaZjDZHoyO5N.2', true, 'http://az619822.vo.msecnd.net/files/CoraciasGarrulus_EN-US7934186588_1920x1200.jpg', 'Kate Stone', 'Software Engineer at LinkedIn', 'Sunnyvale, CA', 'www.kate-stone.com', null, null, null, null, null);
INSERT INTO joblex.users (id, username, password, enabled, photo, name, headline, location, links, summary, certifications, skills, accomplishments, interests) VALUES (10, 'george.griffin@mail.com', '$2a$10$Duu5FX4SkQsQxECCTS.YWeBOLBYaW9rJOHImQ95HaZjDZHoyO5N.2', true, 'http://az619822.vo.msecnd.net/files/BeartownSP_1920x1200.jpg', 'George Griffin', 'Platform Engineer at Medium', 'San Francisco, CA', 'www.george-griffin.com', null, null, null, null, null);
INSERT INTO joblex.users (id, username, password, enabled, photo, name, headline, location, links, summary, certifications, skills, accomplishments, interests) VALUES (11, 'hannah.cameron@mail.com', '$2a$10$Duu5FX4SkQsQxECCTS.YWeBOLBYaW9rJOHImQ95HaZjDZHoyO5N.2', true, 'http://az619822.vo.msecnd.net/files/CoffeeSprouts_EN-US13503324158_1920x1200.jpg', 'Hannah Cameron', 'Infrastructure Engineer at Stripe', 'San Francisco, CA', 'www.hannah-cameron.com', null, null, null, null, null);
INSERT INTO joblex.users (id, username, password, enabled, photo, name, headline, location, links, summary, certifications, skills, accomplishments, interests) VALUES (12, 'christopher.roberts@mail.com', '$2a$10$Duu5FX4SkQsQxECCTS.YWeBOLBYaW9rJOHImQ95HaZjDZHoyO5N.2', true, 'http://az619822.vo.msecnd.net/files/Weizbergkirche_EN-US10888675886_1920x1200.jpg', 'Christopher Roberts', 'Software Engineer at Palantir', 'Palo Alto, CA', 'www.christopher-roberts.com', null, null, null, null, null);
INSERT INTO joblex.users (id, username, password, enabled, photo, name, headline, location, links, summary, certifications, skills, accomplishments, interests) VALUES (13, 'rachel.may@mail.com', '$2a$10$Duu5FX4SkQsQxECCTS.YWeBOLBYaW9rJOHImQ95HaZjDZHoyO5N.2', true, 'http://az619822.vo.msecnd.net/files/JumiegesMarshland_1920x1200.jpg', 'Rachel May', 'Software Engineer at Netflix', 'Los Gatos, CA', 'www.rachel-may.com', '', '', '', '', '');
INSERT INTO joblex.users (id, username, password, enabled, photo, name, headline, location, links, summary, certifications, skills, accomplishments, interests) VALUES (14, 'robert.walker@mail.com', '$2a$10$Duu5FX4SkQsQxECCTS.YWeBOLBYaW9rJOHImQ95HaZjDZHoyO5N.2', true, 'http://az619822.vo.msecnd.net/files/SaffrondropBonnet_EN-US11411545731_1920x1200.jpg', 'Robert Walker', 'Software Engineer at Airbnb', 'San Francisco, CA', 'www.robert-walker.com', null, null, null, null, null);
INSERT INTO joblex.users (id, username, password, enabled, photo, name, headline, location, links, summary, certifications, skills, accomplishments, interests) VALUES (15, 'charles.daniels@mail.com', '$2a$10$Duu5FX4SkQsQxECCTS.YWeBOLBYaW9rJOHImQ95HaZjDZHoyO5N.2', true, 'http://az619822.vo.msecnd.net/files/FrenchQuarter_1920x1200.jpg', 'Charles Daniels', 'Software Engineer at Uber', 'Palo Alto, CA', 'www.charles-daniels.com', null, null, null, null, null);
INSERT INTO joblex.users (id, username, password, enabled, photo, name, headline, location, links, summary, certifications, skills, accomplishments, interests) VALUES (16, 'berk.erol@boun.edu.tr', '$2a$10$Duu5FX4SkQsQxECCTS.YWeBOLBYaW9rJOHImQ95HaZjDZHoyO5N.2', true, 'http://az619822.vo.msecnd.net/files/WinkingBridge_1920x1200.jpg', 'Berk Erol', 'Infrastructure Engineer at Armut', 'Istanbul, Turkey', 'berkerol.github.io', null, null, null, null, null);
INSERT INTO joblex.users (id, username, password, enabled, photo, name, headline, location, links, summary, certifications, skills, accomplishments, interests) VALUES (17, 'berk.erol@boun.edu.tr2', '$2a$10$Duu5FX4SkQsQxECCTS.YWeBOLBYaW9rJOHImQ95HaZjDZHoyO5N.2', true, null, null, null, null, null, null, null, null, null, null);
INSERT INTO joblex.authorities (id, username, authority) VALUES (1, 'lucas.hall@mail.com', 'USER');
INSERT INTO joblex.authorities (id, username, authority) VALUES (2, 'lara.lloyd@mail.com', 'USER');
INSERT INTO joblex.authorities (id, username, authority) VALUES (3, 'jack.thorne@mail.com', 'USER');
INSERT INTO joblex.authorities (id, username, authority) VALUES (4, 'sebastian.bradley@mail.com', 'USER');
INSERT INTO joblex.authorities (id, username, authority) VALUES (5, 'nicholas.ashton@mail.com', 'USER');
INSERT INTO joblex.authorities (id, username, authority) VALUES (6, 'sophia.shaw@mail.com', 'USER');
INSERT INTO joblex.authorities (id, username, authority) VALUES (7, 'jack.douglas@mail.com', 'USER');
INSERT INTO joblex.authorities (id, username, authority) VALUES (8, 'peter.chamber@mail.com', 'USER');
INSERT INTO joblex.authorities (id, username, authority) VALUES (9, 'kate.stone@mail.com', 'USER');
INSERT INTO joblex.authorities (id, username, authority) VALUES (10, 'george.griffin@mail.com', 'USER');
INSERT INTO joblex.authorities (id, username, authority) VALUES (11, 'hannah.cameron@mail.com', 'USER');
INSERT INTO joblex.authorities (id, username, authority) VALUES (12, 'christopher.roberts@mail.com', 'USER');
INSERT INTO joblex.authorities (id, username, authority) VALUES (13, 'rachel.may@mail.com', 'USER');
INSERT INTO joblex.authorities (id, username, authority) VALUES (14, 'robert.walker@mail.com', 'USER');
INSERT INTO joblex.authorities (id, username, authority) VALUES (15, 'charles.daniels@mail.com', 'USER');
INSERT INTO joblex.authorities (id, username, authority) VALUES (16, 'berk.erol@boun.edu.tr', 'ADMIN');
INSERT INTO joblex.authorities (id, username, authority) VALUES (17, 'berk.erol@boun.edu.tr2', 'ADMIN');
INSERT INTO joblex.education (id, user_id, school, field, degree, location, start_date, end_date, summary) VALUES (1, 1, 'Massachusetts Institute of Technology', 'Electrical Engineering and Computer Science', 'B.S.', 'Cambridge, MA', '2014-01-03', '2018-01-03', null);
INSERT INTO joblex.education (id, user_id, school, field, degree, location, start_date, end_date, summary) VALUES (2, 2, 'Stanford University', 'Computer Science', 'B.S.', 'Stanford, CA', '2014-02-03', '2018-02-03', null);
INSERT INTO joblex.education (id, user_id, school, field, degree, location, start_date, end_date, summary) VALUES (3, 3, 'Carnegie Mellon University', 'Computer Science', 'B.S.', 'Pittsburgh, PA', '2014-03-03', '2018-03-03', null);
INSERT INTO joblex.education (id, user_id, school, field, degree, location, start_date, end_date, summary) VALUES (4, 4, 'University of California, Berkeley', 'Electrical Engineering & Computer Sciences ', 'B.S.', 'Berkeley, CA', '2014-04-03', '2018-04-03', null);
INSERT INTO joblex.education (id, user_id, school, field, degree, location, start_date, end_date, summary) VALUES (5, 5, 'Harvard University', 'Computer Science', 'B.S.', 'Cambridge, MA', '2014-05-03', '2018-05-03', null);
INSERT INTO joblex.education (id, user_id, school, field, degree, location, start_date, end_date, summary) VALUES (6, 6, 'Princeton University', 'Computer Science', 'B.S.', 'Princeton, NJ', '2014-06-03', '2018-06-03', null);
INSERT INTO joblex.education (id, user_id, school, field, degree, location, start_date, end_date, summary) VALUES (7, 7, 'University of California, Los Angeles', 'Computer Science', 'B.S.', 'Los Angeles, CA', '2014-07-03', '2018-07-03', null);
INSERT INTO joblex.education (id, user_id, school, field, degree, location, start_date, end_date, summary) VALUES (8, 8, 'University of Washington', 'Computer Science', 'B.S.', 'Seattle, WA', '2014-08-03', '2018-08-03', null);
INSERT INTO joblex.education (id, user_id, school, field, degree, location, start_date, end_date, summary) VALUES (9, 9, 'Columbia University', 'Computer Science', 'B.S.', 'New York, NY', '2014-09-03', '2018-09-03', null);
INSERT INTO joblex.education (id, user_id, school, field, degree, location, start_date, end_date, summary) VALUES (10, 10, 'New York University', 'Computer Science', 'B.S.', 'New York, NY', '2014-10-03', '2018-10-03', null);
INSERT INTO joblex.education (id, user_id, school, field, degree, location, start_date, end_date, summary) VALUES (11, 11, 'Georgia Institute of Technology', 'Computer Science', 'B.S.', 'Atlanta, GA', '2014-11-03', '2018-11-03', null);
INSERT INTO joblex.education (id, user_id, school, field, degree, location, start_date, end_date, summary) VALUES (12, 12, 'Cornell University', 'Computer Science', 'B.S.', 'Ithaca, NY', '2014-12-03', '2018-12-03', null);
INSERT INTO joblex.education (id, user_id, school, field, degree, location, start_date, end_date, summary) VALUES (13, 13, 'California Institute of Technology', 'Computer Science', 'B.S.', 'Pasadena, CA', '2015-01-03', '2019-01-03', '');
INSERT INTO joblex.education (id, user_id, school, field, degree, location, start_date, end_date, summary) VALUES (14, 14, 'University of Texas at Austin', 'Computer Science', 'B.S.', 'Austin, TX', '2015-02-03', '2019-02-03', null);
INSERT INTO joblex.education (id, user_id, school, field, degree, location, start_date, end_date, summary) VALUES (15, 15, 'University of Illinois, Urbana-Champaign', 'Computer Science', 'B.S.', 'Urbana, IL', '2015-03-03', '2019-03-03', null);
INSERT INTO joblex.education (id, user_id, school, field, degree, location, start_date, end_date, summary) VALUES (16, 16, 'Bogazici University', 'Computer Engineering', 'B.S.', 'Istanbul, Turkey', '2014-09-03', '2019-06-03', null);
INSERT INTO joblex.experience (id, user_id, company, position, location, start_date, end_date, summary, user) VALUES (1, 1, 'Google', 'Software Engineer', 'San Francisco, CA', '2018-01-03', null, null, null);
INSERT INTO joblex.experience (id, user_id, company, position, location, start_date, end_date, summary, user) VALUES (2, 2, 'Google', 'Site Reliability Engineer', 'San Francisco, CA', '2018-02-03', null, null, null);
INSERT INTO joblex.experience (id, user_id, company, position, location, start_date, end_date, summary, user) VALUES (3, 3, 'Amazon', 'Software Development Engineer', 'Seattle, WA', '2018-03-03', null, null, null);
INSERT INTO joblex.experience (id, user_id, company, position, location, start_date, end_date, summary, user) VALUES (4, 4, 'Amazon', 'Solutions Architect', 'Seattle, WA', '2018-04-03', null, null, null);
INSERT INTO joblex.experience (id, user_id, company, position, location, start_date, end_date, summary, user) VALUES (5, 5, 'Microsoft', 'Software Engineer', 'Mountain View, CA', '2018-05-03', null, null, null);
INSERT INTO joblex.experience (id, user_id, company, position, location, start_date, end_date, summary, user) VALUES (6, 6, 'Apple', 'Software Engineer', 'Cupertino, CA', '2018-06-03', null, null, null);
INSERT INTO joblex.experience (id, user_id, company, position, location, start_date, end_date, summary, user) VALUES (7, 7, 'Facebook', 'Software Engineer', 'Menlo Park, CA', '2018-07-03', null, null, null);
INSERT INTO joblex.experience (id, user_id, company, position, location, start_date, end_date, summary, user) VALUES (8, 8, 'Twitter', 'Software Engineer', 'San Francisco, CA', '2018-08-03', null, null, null);
INSERT INTO joblex.experience (id, user_id, company, position, location, start_date, end_date, summary, user) VALUES (9, 9, 'LinkedIn', 'Software Engineer', 'Sunnyvale, CA', '2018-09-03', null, null, null);
INSERT INTO joblex.experience (id, user_id, company, position, location, start_date, end_date, summary, user) VALUES (10, 10, 'Medium', 'Platform Engineer', 'San Francisco, CA', '2018-10-03', null, null, null);
INSERT INTO joblex.experience (id, user_id, company, position, location, start_date, end_date, summary, user) VALUES (11, 11, 'Stripe', 'Infrastructure Engineer', 'San Francisco, CA', '2018-11-03', null, null, null);
INSERT INTO joblex.experience (id, user_id, company, position, location, start_date, end_date, summary, user) VALUES (12, 12, 'Palantir', 'Software Engineer', 'Palo Alto, CA', '2018-12-03', null, null, null);
INSERT INTO joblex.experience (id, user_id, company, position, location, start_date, end_date, summary, user) VALUES (13, 13, 'Netflix', 'Software Engineer', 'Los Gatos, CA', '2019-01-03', '2019-08-29', '', null);
INSERT INTO joblex.experience (id, user_id, company, position, location, start_date, end_date, summary, user) VALUES (14, 14, 'Airbnb', 'Software Engineer', 'San Francisco, CA', '2019-02-03', null, null, null);
INSERT INTO joblex.experience (id, user_id, company, position, location, start_date, end_date, summary, user) VALUES (15, 15, 'Uber', 'Software Engineer', 'Palo Alto, CA', '2019-03-03', null, null, null);
INSERT INTO joblex.experience (id, user_id, company, position, location, start_date, end_date, summary, user) VALUES (16, 16, 'Armut', 'Infrastructure Engineer', 'Istanbul, Turkey', '2019-04-03', null, null, null);
INSERT INTO joblex.job (id, user_id, status, logo, position, company, location, description, activation, deactivation) VALUES (1, 16, false, 'http://az619822.vo.msecnd.net/files/CanisLupus_EN-US11366975292_1920x1200.jpg', 'Software Engineer', 'Google', 'San Francisco, CA', '<div itemprop="qualifications" class="gc-job-qualifications gc-user-generated-content"><p>Minimum qualifications:</p><ul><li>BS degree in Computer Science, similar technical field of study or equivalent practical experience.</li><li>Software development experience in one or more general purpose programming languages.</li><li>Experience working with two or more from the following: web
application development, Unix/Linux environments, mobile application
development, distributed and parallel systems, machine learning,
information retrieval, natural language processing, networking,
developing large software systems, and/or security software development.</li><li>Working proficiency and communication skills in verbal and written English.</li></ul><p>Preferred qualifications:</p><ul><li>Master’s, PhD degree, further education or experience in engineering, computer science or other technical related field.</li><li>Experience
 with one or more general purpose programming languages including but
not limited to: Java, C/C++, C#, Objective C, Python, JavaScript, or Go.</li><li>Experience developing accessible technologies.</li><li>Interest and ability to learn other coding languages as needed.</li></ul></div> <div class="gc-job-detail__section gc-job-detail__section--description"><div class="gc-accordion__item gc-accordion__item--active"><div role="heading" aria-level="2"><div id="about" aria-controls="accordion-about" aria-expanded="true" role="button" tabindex="0" class="gc-accordion__header"><h2>About the job</h2> <svg width="26" height="26" viewBox="0 0 26 26" xmlns="http://www.w3.org/2000/svg" class="gc-icon gc-icon--expand"><g></g></svg></div></div></div></div> <div class="gc-job-detail__section gc-job-detail__section--description"><div class="gc-accordion__item gc-accordion__item--active"><div aria-expanded="true" aria-labelledby="about" id="accordion-about" role="region" class="gc-accordion__content"><div class="gc-accordion__content-inner"><div><div itemprop="description" class="gc-user-generated-content"><p>Google
 aspires to be an organization that reflects the globally diverse
audience that our products and technology serve. We believe that in
addition to hiring the best talent, a diversity of perspectives, ideas
and cultures leads to the creation of better products and services.</p><p>Google''s
 software engineers develop the next-generation technologies that change
 how billions of users connect, explore, and interact with information
and one another. Our products need to handle information at massive
scale, and extend well beyond web search. We''re looking for engineers
who bring fresh ideas from all areas, including information retrieval,
distributed computing, large-scale system design, networking and data
storage, security, artificial intelligence, natural language processing,
 UI design and mobile; the list goes on and is growing every day. As a
software engineer, you will work on a specific project critical to
Google’s needs with opportunities to switch teams and projects as you
and our fast-paced business grow and evolve. We need our engineers to be
 versatile, display leadership qualities and be enthusiastic to take on
new problems across the full-stack as we continue to push technology
forward.</p><p>Google is and always will be an engineering company. We
hire people with a broad set of technical skills who are ready to take
on some of technology''s greatest challenges and make an impact on
millions, if not billions, of users. At Google, engineers not only
revolutionize search, they routinely work on massive scalability and
storage solutions, large-scale applications and entirely new platforms
for developers around the world. From Google Ads to Chrome, Android to
YouTube, Social to Local, Google engineers are changing the world one
technological achievement after another.</p></div></div></div></div></div></div> <div class="gc-job-detail__section gc-job-detail__section--responsibilities"><div class="gc-accordion__item gc-accordion__item--active"><div role="heading" aria-level="2"><div id="responsibilities" aria-controls="accordion-responsibilities" aria-expanded="true" role="button" tabindex="0" class="gc-accordion__header"><h2>Responsibilities</h2> <svg width="26" height="26" viewBox="0 0 26 26" xmlns="http://www.w3.org/2000/svg" class="gc-icon gc-icon--expand"><g></g></svg></div></div></div></div> <div aria-expanded="true" aria-labelledby="responsibilities" id="accordion-responsibilities" role="region" class="gc-accordion__content"><div class="gc-accordion__content-inner"><div><div itemprop="responsibilities" class="gc-user-generated-content"><ul><li>Design, develop, test, deploy, maintain and improve software.</li><li>Manage individual project priorities, deadlines and deliverables.</li></ul></div></div></div></div>', '2019-08-01', '2019-08-22');
INSERT INTO joblex.job (id, user_id, status, logo, position, company, location, description, activation, deactivation) VALUES (2, 16, true, 'http://az619822.vo.msecnd.net/files/WildGardens_EN-US12950181139_1920x1200.jpg', 'Site Reliability Engineer', 'Google', 'San Francisco, CA', '<div itemprop="qualifications" class="gc-job-qualifications gc-user-generated-content"><p>Minimum qualifications:</p><ul><li>Bachelor''s degree in Computer Science, a related technical field
involving coding (e.g. Physics or Mathematics), or equivalent practical
experience.</li><li>Experience with algorithms, data structures, complexity analysis and software design.</li><li>Experience in one or more of the following: C, C++, Java, Python, Go, Perl, Ruby.</li></ul><p>Preferred qualifications:</p><ul><li>Expertise in designing, analyzing and troubleshooting large-scale distributed systems.</li><li>Systematic problem-solving approach, coupled with effective communication skills and a sense of ownership and drive.</li><li>Ability to debug and optimize code and to automate routine tasks.</li></ul></div> <div class="gc-job-detail__section gc-job-detail__section--description"><div class="gc-accordion__item gc-accordion__item--active"><div role="heading" aria-level="2"><div id="about" aria-controls="accordion-about" aria-expanded="true" role="button" tabindex="0" class="gc-accordion__header"><h2>About the job</h2> <svg width="26" height="26" viewBox="0 0 26 26" xmlns="http://www.w3.org/2000/svg" class="gc-icon gc-icon--expand"><g></g></svg></div></div></div></div> <div class="gc-job-detail__section gc-job-detail__section--description"><div class="gc-accordion__item gc-accordion__item--active"> <div aria-expanded="true" aria-labelledby="about" id="accordion-about" role="region" class="gc-accordion__content" style="height: auto;"><div class="gc-accordion__content-inner"><div><div itemprop="description" class="gc-user-generated-content"><p><i>Hope
 is not a strategy. Engineering solutions to design, build, and maintain
 efficient large-scale systems is a true strategy, and a good one.</i><br><br>Site
 Reliability Engineering (SRE) is an engineering discipline that
combines software and systems engineering to build and run large-scale,
massively distributed, fault-tolerant systems. SRE ensures that Google''s
 services—both our internally critical and our externally-visible
systems—have reliability and uptime appropriate to users'' needs and a
fast rate of improvement while keeping an ever-watchful eye on capacity
and performance.<br><br>SRE is also a mindset and a set of engineering
approaches to running better production systems—we build our own
creative engineering solutions to operations problems. Much of our
software development focuses on optimizing existing systems, building
infrastructure and eliminating work through automation. As SREs are
responsible for the big picture of how our systems relate to each other,
 we use a breadth of tools and approaches to solve a broad spectrum of
problems. Practices such as limiting time spent on operational work,
blameless postmortems and proactive identification of potential outages
factor into iterative improvement that is key to both product quality
and interesting and dynamic day-to-day work.<br><br>SRE''s culture of
diversity, intellectual curiosity, problem solving and openness is key
to its success. Our organization brings together people with a wide
variety of backgrounds, experiences and perspectives. We encourage them
to collaborate, think big and take risks in a blame-free environment. We
 promote self-direction to work on meaningful projects, while we also
strive to create an environment that provides the support and mentorship
 needed to learn and grow.<br><br><b>To learn more:</b> check out <i><a href="https://landing.google.com/sre/book.html">Site Reliability Engineering</a></i>, written by Google SREs, watch a recorded <a href="https://www.youtube.com/watch?v=bwt6TZjefGM&amp;feature=youtu.be">Hangout on Air</a> to meet some of our SREs, or read a <a href="https://careers.google.com/stories/site-reliability-engineering-profile-google/">career profile</a> about why a software engineer chose to join SRE.</p><p>Behind
 everything our users see online is the architecture built by the
Technical Infrastructure team to keep it running. From developing and
maintaining our data centers to building the next generation of Google
platforms, we make Google''s product portfolio possible. We''re proud to
be our engineers'' engineers and love voiding warranties by taking things
 apart so we can rebuild them. We''re always on call to keep our networks
 up and running, ensuring our users have the best and fastest experience
 possible.</p></div></div></div></div></div></div> <div class="gc-job-detail__section gc-job-detail__section--responsibilities"><div class="gc-accordion__item gc-accordion__item--active"><div role="heading" aria-level="2"><div id="responsibilities" aria-controls="accordion-responsibilities" aria-expanded="true" role="button" tabindex="0" class="gc-accordion__header"><h2>Responsibilities</h2> <svg width="26" height="26" viewBox="0 0 26 26" xmlns="http://www.w3.org/2000/svg" class="gc-icon gc-icon--expand"><g></g></svg></div></div></div></div> <div aria-expanded="true" aria-labelledby="responsibilities" id="accordion-responsibilities" role="region" class="gc-accordion__content"><div class="gc-accordion__content-inner"><div><div itemprop="responsibilities" class="gc-user-generated-content"><ul><li>Engage in and improve the whole lifecycle of services—from inception
 and design, through to deployment, operation and refinement.</li><li>Support services before they go live through activities such as
system design consulting, developing software platforms and frameworks,
capacity planning and launch reviews.</li><li>Maintain services once they are live by measuring and monitoring availability, latency and overall system health.</li><li>Scale systems sustainably through mechanisms like automation, and
evolve systems by pushing for changes that improve reliability and
velocity.</li><li>Practice sustainable incident response and blameless postmortems.</li></ul></div></div></div></div>', '2019-08-02', '2019-09-06');
INSERT INTO joblex.job (id, user_id, status, logo, position, company, location, description, activation, deactivation) VALUES (3, 17, false, 'http://az619822.vo.msecnd.net/files/BeachyHead_EN-US10496852017_1920x1200.jpg', 'Solutions Architect', 'Amazon', 'Seattle, WA', 'wow solutions architect wow', null, null);
INSERT INTO joblex.job (id, user_id, status, logo, position, company, location, description, activation, deactivation) VALUES (4, 17, true, 'http://az619822.vo.msecnd.net/files/NewMexicoCranes_1920x1200.jpg', 'Software Development Engineer', 'Amazon', 'Seattle, WA', 'wow amazon wow', null, null);
INSERT INTO joblex.application (id, job_id, user_id, cover_letter, status) VALUES (1, 2, 7, '<p>cover letter 1<br></p>', 1);
INSERT INTO joblex.application (id, job_id, user_id, cover_letter, status) VALUES (2, 2, 9, '<p>cover letter 2<br></p>', 2);
INSERT INTO joblex.saved_job (id, job_id, user_id, notes) VALUES (1, 2, 13, '<p>saved job 1<br></p>');
